{
  "phase": "02_dense_retrieval",
  "dense_model": "sentence-transformers/all-MiniLM-L6-v2",
  "reranker": false,
  "ablation": {
    "A: BM25 only": {
      "recall@5": 0.8781028368794327,
      "recall@10": 0.9405141843971631,
      "recall@20": 0.9405141843971631,
      "ndcg@5": 0.8083606723170007,
      "ndcg@10": 0.8298639260704327,
      "ndcg@20": 0.8298639260704327,
      "mrr": 0.7971504559270516
    },
    "B: Dense only": {
      "recall@5": 0.8685283687943263,
      "recall@10": 0.9117021276595745,
      "recall@20": 0.9117021276595745,
      "ndcg@5": 0.7590053854457223,
      "ndcg@10": 0.7742752652288645,
      "ndcg@20": 0.7742752652288645,
      "mrr": 0.7313724248564676
    },
    "C: Hybrid (RRF)": {
      "recall@5": 0.9046099290780142,
      "recall@10": 0.9502659574468085,
      "recall@20": 0.9502659574468085,
      "ndcg@5": 0.8332227326568513,
      "ndcg@10": 0.8498053561568136,
      "ndcg@20": 0.8498053561568136,
      "mrr": 0.8235435663627154
    }
  }
}